{"stone":514.1751507840769,"wood":123.005066344994,"iron":53.52955367913146,"gold":19.59372738238842,"grain":19.217370325693608,"exp":0,"power_total":414.5,"factors":[1,0.75,0.5,0.25]}