{"stone":587.0966090850932,"wood":112.83736404350607,"iron":61.12962252079331,"gold":20.133589251439545,"grain":17.71772232885477,"exp":0,"power_total":390.75,"factors":[1,0.75,0.5,0.25]}