{"stone":361.11075441412527,"wood":188.25168539325853,"exp":188.18234349919743,"iron":47.49662921348314,"gold":19.885714285714275,"string":1.0337078651685405,"power_total":623,"factors":[1]}