{"stone":315.4294573643411,"exp":204.8533333333334,"wood":120.7677519379846,"iron":39.98387596899225,"gold":15.078449612403102,"string":1.3444961240310074,"fish_specimen":0,"power_total":645,"factors":[1]}