{"stone":368.69859154929577,"exp":181.44366197183106,"wood":75.33802816901405,"grain":47.15492957746474,"iron":46.57464788732397,"gold":14.505633802816906,"power_total":568,"factors":[1]}