{"stone":386.6194144838216,"exp":277.860092449923,"wood":149.7171032357472,"iron":54.17072419106318,"gold":19.608012326656397,"string":1.4348228043143278,"fish_specimen":0,"power_total":649,"factors":[1]}