{"stone":377.33333333333314,"exp":203.87672955974836,"wood":128.5672955974843,"iron":46.495597484276765,"gold":18.854088050314456,"string":1.5245283018867923,"power_total":636,"factors":[1]}