{"stone":510.9353308364539,"wood":93.610986267166,"iron":63.2529338327091,"grain":34.301123595505615,"gold":20.30062421972535,"exp":0,"power_total":400.5,"factors":[1,0.75,0.5,0.25]}