{"stone":512.831152647975,"exp":329.88785046728947,"wood":195.19750778816206,"iron":74.41744548286607,"gold":26.928348909657316,"string":1.5401869158878498,"fish_specimen":0,"power_total":642,"factors":[1]}