{"stone":358.5425742574256,"exp":155.39273927392733,"wood":63.621122112211175,"grain":41.92211221122111,"iron":29.07458745874588,"gold":12.917491749174918,"power_total":606,"factors":[1]}